<IAPlayer>

<!-- En el segundo 5, se mostrará un simple mensaje -->
<advice title="Linear inequalities" time="00:00:05" content="In this interactive video you will learn how to solve linear inequalities"/>

<!-- En el segundo 53, se mostrará una pregunta. La opción correcta es la segunda y la explicación se da
en el segundo 40 -->
<question title="Why did he flip the sign of the inequality?" right="1" time="00:00:53" explanation="00:00:40">
	<answer content="Because you have to flip it at every step."/>
	<answer content="Because he multiplied by a negative number."/>
</question>


<!-- En el minuto 3, segundo 30, aparecerá una entrada de texto para responder a la pregunta. Las opciones
correctas son "+3" y "3". No se añade información de en qué momento se da la explicación. -->
<input title="In this example, X must be greater than..." time="00:03:30">
	<answer content="+3"/>
	<answer content="3"/>
</input>

<!-- En el minuto 4, segundo 30, aparecerá una pregunta. La opción correcta es la primera y la explicación
se da en el segundo 12 -->
<question title="What is the result of this inequality: '3x + 5 ≤ -2x - 25'?" right="0" time="00:04:30" explanation="00:00:12">
	<answer content="x ≤ -6"/>
	<answer content="x = +6"/>
	<answer content="x ≥ -6"/>
</question>

</IAPlayer>
